entity,code,year,famine_deaths
Africa,OWID_AFR,1870,0
Africa,OWID_AFR,1871,0
Africa,OWID_AFR,1872,0
Africa,OWID_AFR,1873,0
Africa,OWID_AFR,1874,0
Africa,OWID_AFR,1875,0
Africa,OWID_AFR,1876,0
Africa,OWID_AFR,1877,0
Africa,OWID_AFR,1878,0
Africa,OWID_AFR,1879,0
Africa,OWID_AFR,1880,0
Africa,OWID_AFR,1881,0
Africa,OWID_AFR,1882,0
Africa,OWID_AFR,1883,0
Africa,OWID_AFR,1884,0
Africa,OWID_AFR,1885,0
Africa,OWID_AFR,1886,0
Africa,OWID_AFR,1887,0
Africa,OWID_AFR,1888,600000
Africa,OWID_AFR,1889,600000
Africa,OWID_AFR,1890,600000
Africa,OWID_AFR,1891,600000
Africa,OWID_AFR,1892,600000
Africa,OWID_AFR,1893,0
Africa,OWID_AFR,1894,0
Africa,OWID_AFR,1895,0
Africa,OWID_AFR,1896,20000
Africa,OWID_AFR,1897,20000
Africa,OWID_AFR,1898,20000
Africa,OWID_AFR,1899,205714.28
Africa,OWID_AFR,1900,205714.28
Africa,OWID_AFR,1901,185714.28
Africa,OWID_AFR,1902,185714.28
Africa,OWID_AFR,1903,185714.28
Africa,OWID_AFR,1904,185714.28
Africa,OWID_AFR,1905,285714.28
Africa,OWID_AFR,1906,100000
Africa,OWID_AFR,1907,100000
Africa,OWID_AFR,1908,0
Africa,OWID_AFR,1909,0
Africa,OWID_AFR,1910,8333.333
Africa,OWID_AFR,1911,8333.333
Africa,OWID_AFR,1912,8333.333
Africa,OWID_AFR,1913,408333.34
Africa,OWID_AFR,1914,508333.34
Africa,OWID_AFR,1915,108333.336
Africa,OWID_AFR,1916,108333.336
Africa,OWID_AFR,1917,8333.333
Africa,OWID_AFR,1918,8333.333
Africa,OWID_AFR,1919,8333.333
Africa,OWID_AFR,1920,0
Africa,OWID_AFR,1921,0
Africa,OWID_AFR,1922,0
Africa,OWID_AFR,1923,0
Africa,OWID_AFR,1924,0
Africa,OWID_AFR,1925,0
Africa,OWID_AFR,1926,0
Africa,OWID_AFR,1927,0
Africa,OWID_AFR,1928,0
Africa,OWID_AFR,1929,0
Africa,OWID_AFR,1930,0
Africa,OWID_AFR,1931,0
Africa,OWID_AFR,1932,0
Africa,OWID_AFR,1933,0
Africa,OWID_AFR,1934,0
Africa,OWID_AFR,1935,0
Africa,OWID_AFR,1936,0
Africa,OWID_AFR,1937,0
Africa,OWID_AFR,1938,0
Africa,OWID_AFR,1939,0
Africa,OWID_AFR,1940,0
Africa,OWID_AFR,1941,0
Africa,OWID_AFR,1942,0
Africa,OWID_AFR,1943,0
Africa,OWID_AFR,1944,0
Africa,OWID_AFR,1945,0
Africa,OWID_AFR,1946,0
Africa,OWID_AFR,1947,0
Africa,OWID_AFR,1948,0
Africa,OWID_AFR,1949,0
Africa,OWID_AFR,1950,0
Africa,OWID_AFR,1951,0
Africa,OWID_AFR,1952,0
Africa,OWID_AFR,1953,0
Africa,OWID_AFR,1954,0
Africa,OWID_AFR,1955,0
Africa,OWID_AFR,1956,0
Africa,OWID_AFR,1957,0
Africa,OWID_AFR,1958,100000
Africa,OWID_AFR,1959,0
Africa,OWID_AFR,1960,0
Africa,OWID_AFR,1961,0
Africa,OWID_AFR,1962,0
Africa,OWID_AFR,1963,0
Africa,OWID_AFR,1964,0
Africa,OWID_AFR,1965,0
Africa,OWID_AFR,1966,0
Africa,OWID_AFR,1967,0
Africa,OWID_AFR,1968,433333.34
Africa,OWID_AFR,1969,450166.66
Africa,OWID_AFR,1970,450166.66
Africa,OWID_AFR,1971,16833.334
Africa,OWID_AFR,1972,16833.334
Africa,OWID_AFR,1973,216833.33
Africa,OWID_AFR,1974,16833.334
Africa,OWID_AFR,1975,0
Africa,OWID_AFR,1976,0
Africa,OWID_AFR,1977,0
Africa,OWID_AFR,1978,0
Africa,OWID_AFR,1979,0
Africa,OWID_AFR,1980,0
Africa,OWID_AFR,1981,60000
Africa,OWID_AFR,1982,60000
Africa,OWID_AFR,1983,326666.66
Africa,OWID_AFR,1984,446666.66
Africa,OWID_AFR,1985,446666.66
Africa,OWID_AFR,1986,0
Africa,OWID_AFR,1987,0
Africa,OWID_AFR,1988,22727.273
Africa,OWID_AFR,1989,22727.273
Africa,OWID_AFR,1990,22727.273
Africa,OWID_AFR,1991,102727.27
Africa,OWID_AFR,1992,177727.27
Africa,OWID_AFR,1993,177727.27
Africa,OWID_AFR,1994,97727.27
Africa,OWID_AFR,1995,22727.273
Africa,OWID_AFR,1996,22727.273
Africa,OWID_AFR,1997,22727.273
Africa,OWID_AFR,1998,51727.273
Africa,OWID_AFR,1999,29000
Africa,OWID_AFR,2000,29000
Africa,OWID_AFR,2001,29000
Africa,OWID_AFR,2002,29000
Africa,OWID_AFR,2003,120666.664
Africa,OWID_AFR,2004,120666.664
Africa,OWID_AFR,2005,120666.664
Africa,OWID_AFR,2006,54000
Africa,OWID_AFR,2007,29000
Africa,OWID_AFR,2008,0
Africa,OWID_AFR,2009,0
Africa,OWID_AFR,2010,0
Africa,OWID_AFR,2011,129000
Africa,OWID_AFR,2012,129000
Africa,OWID_AFR,2013,0
Africa,OWID_AFR,2014,38600
Africa,OWID_AFR,2015,38600
Africa,OWID_AFR,2016,123600
Africa,OWID_AFR,2017,123600
Africa,OWID_AFR,2018,123600
Africa,OWID_AFR,2019,85000
Africa,OWID_AFR,2020,138250
Africa,OWID_AFR,2021,250250
Africa,OWID_AFR,2022,250250
Africa,OWID_AFR,2023,250250
Asia,OWID_ASI,1870,166666.67
Asia,OWID_ASI,1871,166666.67
Asia,OWID_ASI,1872,166666.67
Asia,OWID_ASI,1873,0
Asia,OWID_ASI,1874,0
Asia,OWID_ASI,1875,0
Asia,OWID_ASI,1876,4408333.5
Asia,OWID_ASI,1877,4408333.5
Asia,OWID_ASI,1878,4408333.5
Asia,OWID_ASI,1879,2375000
Asia,OWID_ASI,1880,0
Asia,OWID_ASI,1881,0
Asia,OWID_ASI,1882,0
Asia,OWID_ASI,1883,0
Asia,OWID_ASI,1884,0
Asia,OWID_ASI,1885,0
Asia,OWID_ASI,1886,0
Asia,OWID_ASI,1887,0
Asia,OWID_ASI,1888,75000
Asia,OWID_ASI,1889,75000
Asia,OWID_ASI,1890,0
Asia,OWID_ASI,1891,0
Asia,OWID_ASI,1892,0
Asia,OWID_ASI,1893,0
Asia,OWID_ASI,1894,33333.332
Asia,OWID_ASI,1895,33333.332
Asia,OWID_ASI,1896,2783333.2
Asia,OWID_ASI,1897,2950000
Asia,OWID_ASI,1898,200000
Asia,OWID_ASI,1899,727083.3
Asia,OWID_ASI,1900,727083.3
Asia,OWID_ASI,1901,727083.3
Asia,OWID_ASI,1902,193750
Asia,OWID_ASI,1903,0
Asia,OWID_ASI,1904,0
Asia,OWID_ASI,1905,0
Asia,OWID_ASI,1906,0
Asia,OWID_ASI,1907,0
Asia,OWID_ASI,1908,0
Asia,OWID_ASI,1909,0
Asia,OWID_ASI,1910,0
Asia,OWID_ASI,1911,0
Asia,OWID_ASI,1912,16666.666
Asia,OWID_ASI,1913,16666.666
Asia,OWID_ASI,1914,16666.666
Asia,OWID_ASI,1915,341666.66
Asia,OWID_ASI,1916,341666.66
Asia,OWID_ASI,1917,293400
Asia,OWID_ASI,1918,293400
Asia,OWID_ASI,1919,368400
Asia,OWID_ASI,1920,266666.66
Asia,OWID_ASI,1921,2866666.8
Asia,OWID_ASI,1922,2616666.8
Asia,OWID_ASI,1923,16666.666
Asia,OWID_ASI,1924,0
Asia,OWID_ASI,1925,0
Asia,OWID_ASI,1926,0
Asia,OWID_ASI,1927,0
Asia,OWID_ASI,1928,3333333.2
Asia,OWID_ASI,1929,3333333.2
Asia,OWID_ASI,1930,3333333.2
Asia,OWID_ASI,1931,1000000
Asia,OWID_ASI,1932,1000000
Asia,OWID_ASI,1933,1000000
Asia,OWID_ASI,1934,1666666.6
Asia,OWID_ASI,1935,1666666.6
Asia,OWID_ASI,1936,1666666.6
Asia,OWID_ASI,1937,555555.56
Asia,OWID_ASI,1938,555555.56
Asia,OWID_ASI,1939,555555.56
Asia,OWID_ASI,1940,555555.56
Asia,OWID_ASI,1941,2685555.5
Asia,OWID_ASI,1942,3285555.5
Asia,OWID_ASI,1943,6285555.5
Asia,OWID_ASI,1944,3785555.5
Asia,OWID_ASI,1945,1935555.5
Asia,OWID_ASI,1946,0
Asia,OWID_ASI,1947,0
Asia,OWID_ASI,1948,0
Asia,OWID_ASI,1949,0
Asia,OWID_ASI,1950,0
Asia,OWID_ASI,1951,0
Asia,OWID_ASI,1952,0
Asia,OWID_ASI,1953,0
Asia,OWID_ASI,1954,0
Asia,OWID_ASI,1955,0
Asia,OWID_ASI,1956,0
Asia,OWID_ASI,1957,0
Asia,OWID_ASI,1958,921000
Asia,OWID_ASI,1959,4819000
Asia,OWID_ASI,1960,17002000
Asia,OWID_ASI,1961,8476000
Asia,OWID_ASI,1962,3350000
Asia,OWID_ASI,1963,0
Asia,OWID_ASI,1964,0
Asia,OWID_ASI,1965,0
Asia,OWID_ASI,1966,0
Asia,OWID_ASI,1967,0
Asia,OWID_ASI,1968,0
Asia,OWID_ASI,1969,0
Asia,OWID_ASI,1970,0
Asia,OWID_ASI,1971,0
Asia,OWID_ASI,1972,0
Asia,OWID_ASI,1973,0
Asia,OWID_ASI,1974,1500000
Asia,OWID_ASI,1975,492600
Asia,OWID_ASI,1976,262600
Asia,OWID_ASI,1977,262600
Asia,OWID_ASI,1978,262600
Asia,OWID_ASI,1979,262600
Asia,OWID_ASI,1980,0
Asia,OWID_ASI,1981,0
Asia,OWID_ASI,1982,0
Asia,OWID_ASI,1983,0
Asia,OWID_ASI,1984,0
Asia,OWID_ASI,1985,0
Asia,OWID_ASI,1986,0
Asia,OWID_ASI,1987,0
Asia,OWID_ASI,1988,0
Asia,OWID_ASI,1989,0
Asia,OWID_ASI,1990,0
Asia,OWID_ASI,1991,0
Asia,OWID_ASI,1992,0
Asia,OWID_ASI,1993,0
Asia,OWID_ASI,1994,0
Asia,OWID_ASI,1995,110000
Asia,OWID_ASI,1996,110000
Asia,OWID_ASI,1997,110000
Asia,OWID_ASI,1998,0
Asia,OWID_ASI,1999,0
Asia,OWID_ASI,2000,0
Asia,OWID_ASI,2001,0
Asia,OWID_ASI,2002,0
Asia,OWID_ASI,2003,0
Asia,OWID_ASI,2004,0
Asia,OWID_ASI,2005,0
Asia,OWID_ASI,2006,0
Asia,OWID_ASI,2007,0
Asia,OWID_ASI,2008,0
Asia,OWID_ASI,2009,0
Asia,OWID_ASI,2010,0
Asia,OWID_ASI,2011,0
Asia,OWID_ASI,2012,22333.334
Asia,OWID_ASI,2013,22333.334
Asia,OWID_ASI,2014,22333.334
Asia,OWID_ASI,2015,22333.334
Asia,OWID_ASI,2016,59500
Asia,OWID_ASI,2017,59500
Asia,OWID_ASI,2018,59500
Asia,OWID_ASI,2019,59500
Asia,OWID_ASI,2020,59500
Asia,OWID_ASI,2021,59500
Asia,OWID_ASI,2022,22333.334
Asia,OWID_ASI,2023,22333.334
Europe,OWID_EUR,1870,0
Europe,OWID_EUR,1871,0
Europe,OWID_EUR,1872,0
Europe,OWID_EUR,1873,0
Europe,OWID_EUR,1874,0
Europe,OWID_EUR,1875,0
Europe,OWID_EUR,1876,0
Europe,OWID_EUR,1877,0
Europe,OWID_EUR,1878,0
Europe,OWID_EUR,1879,0
Europe,OWID_EUR,1880,0
Europe,OWID_EUR,1881,0
Europe,OWID_EUR,1882,0
Europe,OWID_EUR,1883,0
Europe,OWID_EUR,1884,0
Europe,OWID_EUR,1885,0
Europe,OWID_EUR,1886,0
Europe,OWID_EUR,1887,0
Europe,OWID_EUR,1888,0
Europe,OWID_EUR,1889,0
Europe,OWID_EUR,1890,0
Europe,OWID_EUR,1891,260000
Europe,OWID_EUR,1892,260000
Europe,OWID_EUR,1893,260000
Europe,OWID_EUR,1894,260000
Europe,OWID_EUR,1895,260000
Europe,OWID_EUR,1896,0
Europe,OWID_EUR,1897,0
Europe,OWID_EUR,1898,0
Europe,OWID_EUR,1899,0
Europe,OWID_EUR,1900,0
Europe,OWID_EUR,1901,0
Europe,OWID_EUR,1902,0
Europe,OWID_EUR,1903,0
Europe,OWID_EUR,1904,0
Europe,OWID_EUR,1905,0
Europe,OWID_EUR,1906,0
Europe,OWID_EUR,1907,0
Europe,OWID_EUR,1908,0
Europe,OWID_EUR,1909,0
Europe,OWID_EUR,1910,0
Europe,OWID_EUR,1911,0
Europe,OWID_EUR,1912,0
Europe,OWID_EUR,1913,0
Europe,OWID_EUR,1914,200000
Europe,OWID_EUR,1915,316250
Europe,OWID_EUR,1916,316250
Europe,OWID_EUR,1917,570583.3
Europe,OWID_EUR,1918,1903916.6
Europe,OWID_EUR,1919,1587666.6
Europe,OWID_EUR,1920,1333333.4
Europe,OWID_EUR,1921,0
Europe,OWID_EUR,1922,0
Europe,OWID_EUR,1923,0
Europe,OWID_EUR,1924,0
Europe,OWID_EUR,1925,0
Europe,OWID_EUR,1926,0
Europe,OWID_EUR,1927,0
Europe,OWID_EUR,1928,0
Europe,OWID_EUR,1929,0
Europe,OWID_EUR,1930,0
Europe,OWID_EUR,1931,1000000
Europe,OWID_EUR,1932,1000000
Europe,OWID_EUR,1933,1000000
Europe,OWID_EUR,1934,0
Europe,OWID_EUR,1935,0
Europe,OWID_EUR,1936,0
Europe,OWID_EUR,1937,0
Europe,OWID_EUR,1938,0
Europe,OWID_EUR,1939,130000
Europe,OWID_EUR,1940,470000
Europe,OWID_EUR,1941,952142.9
Europe,OWID_EUR,1942,952142.9
Europe,OWID_EUR,1943,902142.9
Europe,OWID_EUR,1944,902142.9
Europe,OWID_EUR,1945,660476.2
Europe,OWID_EUR,1946,790476.2
Europe,OWID_EUR,1947,790476.2
Europe,OWID_EUR,1948,0
Europe,OWID_EUR,1949,0
Europe,OWID_EUR,1950,0
Europe,OWID_EUR,1951,0
Europe,OWID_EUR,1952,0
Europe,OWID_EUR,1953,0
Europe,OWID_EUR,1954,0
Europe,OWID_EUR,1955,0
Europe,OWID_EUR,1956,0
Europe,OWID_EUR,1957,0
Europe,OWID_EUR,1958,0
Europe,OWID_EUR,1959,0
Europe,OWID_EUR,1960,0
Europe,OWID_EUR,1961,0
Europe,OWID_EUR,1962,0
Europe,OWID_EUR,1963,0
Europe,OWID_EUR,1964,0
Europe,OWID_EUR,1965,0
Europe,OWID_EUR,1966,0
Europe,OWID_EUR,1967,0
Europe,OWID_EUR,1968,0
Europe,OWID_EUR,1969,0
Europe,OWID_EUR,1970,0
Europe,OWID_EUR,1971,0
Europe,OWID_EUR,1972,0
Europe,OWID_EUR,1973,0
Europe,OWID_EUR,1974,0
Europe,OWID_EUR,1975,0
Europe,OWID_EUR,1976,0
Europe,OWID_EUR,1977,0
Europe,OWID_EUR,1978,0
Europe,OWID_EUR,1979,0
Europe,OWID_EUR,1980,0
Europe,OWID_EUR,1981,0
Europe,OWID_EUR,1982,0
Europe,OWID_EUR,1983,0
Europe,OWID_EUR,1984,0
Europe,OWID_EUR,1985,0
Europe,OWID_EUR,1986,0
Europe,OWID_EUR,1987,0
Europe,OWID_EUR,1988,0
Europe,OWID_EUR,1989,0
Europe,OWID_EUR,1990,0
Europe,OWID_EUR,1991,0
Europe,OWID_EUR,1992,0
Europe,OWID_EUR,1993,0
Europe,OWID_EUR,1994,0
Europe,OWID_EUR,1995,0
Europe,OWID_EUR,1996,0
Europe,OWID_EUR,1997,0
Europe,OWID_EUR,1998,0
Europe,OWID_EUR,1999,0
Europe,OWID_EUR,2000,0
Europe,OWID_EUR,2001,0
Europe,OWID_EUR,2002,0
Europe,OWID_EUR,2003,0
Europe,OWID_EUR,2004,0
Europe,OWID_EUR,2005,0
Europe,OWID_EUR,2006,0
Europe,OWID_EUR,2007,0
Europe,OWID_EUR,2008,0
Europe,OWID_EUR,2009,0
Europe,OWID_EUR,2010,0
Europe,OWID_EUR,2011,0
Europe,OWID_EUR,2012,0
Europe,OWID_EUR,2013,0
Europe,OWID_EUR,2014,0
Europe,OWID_EUR,2015,0
Europe,OWID_EUR,2016,0
Europe,OWID_EUR,2017,0
Europe,OWID_EUR,2018,0
Europe,OWID_EUR,2019,0
Europe,OWID_EUR,2020,0
Europe,OWID_EUR,2021,0
Europe,OWID_EUR,2022,0
Europe,OWID_EUR,2023,0
North America,OWID_NAM,1870,0
North America,OWID_NAM,1871,0
North America,OWID_NAM,1872,0
North America,OWID_NAM,1873,0
North America,OWID_NAM,1874,0
North America,OWID_NAM,1875,0
North America,OWID_NAM,1876,0
North America,OWID_NAM,1877,0
North America,OWID_NAM,1878,0
North America,OWID_NAM,1879,0
North America,OWID_NAM,1880,0
North America,OWID_NAM,1881,0
North America,OWID_NAM,1882,0
North America,OWID_NAM,1883,0
North America,OWID_NAM,1884,0
North America,OWID_NAM,1885,0
North America,OWID_NAM,1886,0
North America,OWID_NAM,1887,0
North America,OWID_NAM,1888,0
North America,OWID_NAM,1889,0
North America,OWID_NAM,1890,0
North America,OWID_NAM,1891,0
North America,OWID_NAM,1892,0
North America,OWID_NAM,1893,0
North America,OWID_NAM,1894,0
North America,OWID_NAM,1895,38750
North America,OWID_NAM,1896,38750
North America,OWID_NAM,1897,38750
North America,OWID_NAM,1898,38750
North America,OWID_NAM,1899,0
North America,OWID_NAM,1900,0
North America,OWID_NAM,1901,0
North America,OWID_NAM,1902,0
North America,OWID_NAM,1903,0
North America,OWID_NAM,1904,0
North America,OWID_NAM,1905,0
North America,OWID_NAM,1906,0
North America,OWID_NAM,1907,0
North America,OWID_NAM,1908,0
North America,OWID_NAM,1909,0
North America,OWID_NAM,1910,0
North America,OWID_NAM,1911,0
North America,OWID_NAM,1912,0
North America,OWID_NAM,1913,0
North America,OWID_NAM,1914,0
North America,OWID_NAM,1915,0
North America,OWID_NAM,1916,0
North America,OWID_NAM,1917,0
North America,OWID_NAM,1918,0
North America,OWID_NAM,1919,0
North America,OWID_NAM,1920,0
North America,OWID_NAM,1921,0
North America,OWID_NAM,1922,0
North America,OWID_NAM,1923,0
North America,OWID_NAM,1924,0
North America,OWID_NAM,1925,0
North America,OWID_NAM,1926,0
North America,OWID_NAM,1927,0
North America,OWID_NAM,1928,0
North America,OWID_NAM,1929,0
North America,OWID_NAM,1930,0
North America,OWID_NAM,1931,0
North America,OWID_NAM,1932,0
North America,OWID_NAM,1933,0
North America,OWID_NAM,1934,0
North America,OWID_NAM,1935,0
North America,OWID_NAM,1936,0
North America,OWID_NAM,1937,0
North America,OWID_NAM,1938,0
North America,OWID_NAM,1939,0
North America,OWID_NAM,1940,0
North America,OWID_NAM,1941,0
North America,OWID_NAM,1942,0
North America,OWID_NAM,1943,0
North America,OWID_NAM,1944,0
North America,OWID_NAM,1945,0
North America,OWID_NAM,1946,0
North America,OWID_NAM,1947,0
North America,OWID_NAM,1948,0
North America,OWID_NAM,1949,0
North America,OWID_NAM,1950,0
North America,OWID_NAM,1951,0
North America,OWID_NAM,1952,0
North America,OWID_NAM,1953,0
North America,OWID_NAM,1954,0
North America,OWID_NAM,1955,0
North America,OWID_NAM,1956,0
North America,OWID_NAM,1957,0
North America,OWID_NAM,1958,0
North America,OWID_NAM,1959,0
North America,OWID_NAM,1960,0
North America,OWID_NAM,1961,0
North America,OWID_NAM,1962,0
North America,OWID_NAM,1963,0
North America,OWID_NAM,1964,0
North America,OWID_NAM,1965,0
North America,OWID_NAM,1966,0
North America,OWID_NAM,1967,0
North America,OWID_NAM,1968,0
North America,OWID_NAM,1969,0
North America,OWID_NAM,1970,0
North America,OWID_NAM,1971,0
North America,OWID_NAM,1972,0
North America,OWID_NAM,1973,0
North America,OWID_NAM,1974,0
North America,OWID_NAM,1975,0
North America,OWID_NAM,1976,0
North America,OWID_NAM,1977,0
North America,OWID_NAM,1978,0
North America,OWID_NAM,1979,0
North America,OWID_NAM,1980,0
North America,OWID_NAM,1981,0
North America,OWID_NAM,1982,0
North America,OWID_NAM,1983,0
North America,OWID_NAM,1984,0
North America,OWID_NAM,1985,0
North America,OWID_NAM,1986,0
North America,OWID_NAM,1987,0
North America,OWID_NAM,1988,0
North America,OWID_NAM,1989,0
North America,OWID_NAM,1990,0
North America,OWID_NAM,1991,0
North America,OWID_NAM,1992,0
North America,OWID_NAM,1993,0
North America,OWID_NAM,1994,0
North America,OWID_NAM,1995,0
North America,OWID_NAM,1996,0
North America,OWID_NAM,1997,0
North America,OWID_NAM,1998,0
North America,OWID_NAM,1999,0
North America,OWID_NAM,2000,0
North America,OWID_NAM,2001,0
North America,OWID_NAM,2002,0
North America,OWID_NAM,2003,0
North America,OWID_NAM,2004,0
North America,OWID_NAM,2005,0
North America,OWID_NAM,2006,0
North America,OWID_NAM,2007,0
North America,OWID_NAM,2008,0
North America,OWID_NAM,2009,0
North America,OWID_NAM,2010,0
North America,OWID_NAM,2011,0
North America,OWID_NAM,2012,0
North America,OWID_NAM,2013,0
North America,OWID_NAM,2014,0
North America,OWID_NAM,2015,0
North America,OWID_NAM,2016,0
North America,OWID_NAM,2017,0
North America,OWID_NAM,2018,0
North America,OWID_NAM,2019,0
North America,OWID_NAM,2020,0
North America,OWID_NAM,2021,0
North America,OWID_NAM,2022,0
North America,OWID_NAM,2023,0
South America,OWID_SAM,1870,0
South America,OWID_SAM,1871,0
South America,OWID_SAM,1872,0
South America,OWID_SAM,1873,0
South America,OWID_SAM,1874,0
South America,OWID_SAM,1875,0
South America,OWID_SAM,1876,125000
South America,OWID_SAM,1877,125000
South America,OWID_SAM,1878,125000
South America,OWID_SAM,1879,125000
South America,OWID_SAM,1880,0
South America,OWID_SAM,1881,0
South America,OWID_SAM,1882,0
South America,OWID_SAM,1883,0
South America,OWID_SAM,1884,0
South America,OWID_SAM,1885,0
South America,OWID_SAM,1886,0
South America,OWID_SAM,1887,0
South America,OWID_SAM,1888,0
South America,OWID_SAM,1889,0
South America,OWID_SAM,1890,0
South America,OWID_SAM,1891,0
South America,OWID_SAM,1892,0
South America,OWID_SAM,1893,0
South America,OWID_SAM,1894,0
South America,OWID_SAM,1895,0
South America,OWID_SAM,1896,0
South America,OWID_SAM,1897,0
South America,OWID_SAM,1898,0
South America,OWID_SAM,1899,0
South America,OWID_SAM,1900,0
South America,OWID_SAM,1901,0
South America,OWID_SAM,1902,0
South America,OWID_SAM,1903,0
South America,OWID_SAM,1904,0
South America,OWID_SAM,1905,0
South America,OWID_SAM,1906,0
South America,OWID_SAM,1907,0
South America,OWID_SAM,1908,0
South America,OWID_SAM,1909,0
South America,OWID_SAM,1910,0
South America,OWID_SAM,1911,0
South America,OWID_SAM,1912,0
South America,OWID_SAM,1913,0
South America,OWID_SAM,1914,0
South America,OWID_SAM,1915,0
South America,OWID_SAM,1916,0
South America,OWID_SAM,1917,0
South America,OWID_SAM,1918,0
South America,OWID_SAM,1919,0
South America,OWID_SAM,1920,0
South America,OWID_SAM,1921,0
South America,OWID_SAM,1922,0
South America,OWID_SAM,1923,0
South America,OWID_SAM,1924,0
South America,OWID_SAM,1925,0
South America,OWID_SAM,1926,0
South America,OWID_SAM,1927,0
South America,OWID_SAM,1928,0
South America,OWID_SAM,1929,0
South America,OWID_SAM,1930,0
South America,OWID_SAM,1931,0
South America,OWID_SAM,1932,0
South America,OWID_SAM,1933,0
South America,OWID_SAM,1934,0
South America,OWID_SAM,1935,0
South America,OWID_SAM,1936,0
South America,OWID_SAM,1937,0
South America,OWID_SAM,1938,0
South America,OWID_SAM,1939,0
South America,OWID_SAM,1940,0
South America,OWID_SAM,1941,0
South America,OWID_SAM,1942,0
South America,OWID_SAM,1943,0
South America,OWID_SAM,1944,0
South America,OWID_SAM,1945,0
South America,OWID_SAM,1946,0
South America,OWID_SAM,1947,0
South America,OWID_SAM,1948,0
South America,OWID_SAM,1949,0
South America,OWID_SAM,1950,0
South America,OWID_SAM,1951,0
South America,OWID_SAM,1952,0
South America,OWID_SAM,1953,0
South America,OWID_SAM,1954,0
South America,OWID_SAM,1955,0
South America,OWID_SAM,1956,0
South America,OWID_SAM,1957,0
South America,OWID_SAM,1958,0
South America,OWID_SAM,1959,0
South America,OWID_SAM,1960,0
South America,OWID_SAM,1961,0
South America,OWID_SAM,1962,0
South America,OWID_SAM,1963,0
South America,OWID_SAM,1964,0
South America,OWID_SAM,1965,0
South America,OWID_SAM,1966,0
South America,OWID_SAM,1967,0
South America,OWID_SAM,1968,0
South America,OWID_SAM,1969,0
South America,OWID_SAM,1970,0
South America,OWID_SAM,1971,0
South America,OWID_SAM,1972,0
South America,OWID_SAM,1973,0
South America,OWID_SAM,1974,0
South America,OWID_SAM,1975,0
South America,OWID_SAM,1976,0
South America,OWID_SAM,1977,0
South America,OWID_SAM,1978,0
South America,OWID_SAM,1979,0
South America,OWID_SAM,1980,0
South America,OWID_SAM,1981,0
South America,OWID_SAM,1982,0
South America,OWID_SAM,1983,0
South America,OWID_SAM,1984,0
South America,OWID_SAM,1985,0
South America,OWID_SAM,1986,0
South America,OWID_SAM,1987,0
South America,OWID_SAM,1988,0
South America,OWID_SAM,1989,0
South America,OWID_SAM,1990,0
South America,OWID_SAM,1991,0
South America,OWID_SAM,1992,0
South America,OWID_SAM,1993,0
South America,OWID_SAM,1994,0
South America,OWID_SAM,1995,0
South America,OWID_SAM,1996,0
South America,OWID_SAM,1997,0
South America,OWID_SAM,1998,0
South America,OWID_SAM,1999,0
South America,OWID_SAM,2000,0
South America,OWID_SAM,2001,0
South America,OWID_SAM,2002,0
South America,OWID_SAM,2003,0
South America,OWID_SAM,2004,0
South America,OWID_SAM,2005,0
South America,OWID_SAM,2006,0
South America,OWID_SAM,2007,0
South America,OWID_SAM,2008,0
South America,OWID_SAM,2009,0
South America,OWID_SAM,2010,0
South America,OWID_SAM,2011,0
South America,OWID_SAM,2012,0
South America,OWID_SAM,2013,0
South America,OWID_SAM,2014,0
South America,OWID_SAM,2015,0
South America,OWID_SAM,2016,0
South America,OWID_SAM,2017,0
South America,OWID_SAM,2018,0
South America,OWID_SAM,2019,0
South America,OWID_SAM,2020,0
South America,OWID_SAM,2021,0
South America,OWID_SAM,2022,0
South America,OWID_SAM,2023,0
World,OWID_WRL,1870,166666.67
World,OWID_WRL,1871,166666.67
World,OWID_WRL,1872,166666.67
World,OWID_WRL,1873,0
World,OWID_WRL,1874,0
World,OWID_WRL,1875,0
World,OWID_WRL,1876,4533333.5
World,OWID_WRL,1877,4533333.5
World,OWID_WRL,1878,4533333.5
World,OWID_WRL,1879,2500000
World,OWID_WRL,1880,0
World,OWID_WRL,1881,0
World,OWID_WRL,1882,0
World,OWID_WRL,1883,0
World,OWID_WRL,1884,0
World,OWID_WRL,1885,0
World,OWID_WRL,1886,0
World,OWID_WRL,1887,0
World,OWID_WRL,1888,675000
World,OWID_WRL,1889,675000
World,OWID_WRL,1890,600000
World,OWID_WRL,1891,860000
World,OWID_WRL,1892,860000
World,OWID_WRL,1893,260000
World,OWID_WRL,1894,293333.34
World,OWID_WRL,1895,332083.34
World,OWID_WRL,1896,2842083.2
World,OWID_WRL,1897,3008750
World,OWID_WRL,1898,258750
World,OWID_WRL,1899,932797.6
World,OWID_WRL,1900,932797.6
World,OWID_WRL,1901,912797.6
World,OWID_WRL,1902,379464.28
World,OWID_WRL,1903,185714.28
World,OWID_WRL,1904,185714.28
World,OWID_WRL,1905,285714.28
World,OWID_WRL,1906,100000
World,OWID_WRL,1907,100000
World,OWID_WRL,1908,0
World,OWID_WRL,1909,0
World,OWID_WRL,1910,8333.333
World,OWID_WRL,1911,8333.333
World,OWID_WRL,1912,25000
World,OWID_WRL,1913,425000
World,OWID_WRL,1914,725000
World,OWID_WRL,1915,766250
World,OWID_WRL,1916,766250
World,OWID_WRL,1917,872316.7
World,OWID_WRL,1918,2205650
World,OWID_WRL,1919,1964400
World,OWID_WRL,1920,1600000
World,OWID_WRL,1921,2866666.8
World,OWID_WRL,1922,2616666.8
World,OWID_WRL,1923,16666.666
World,OWID_WRL,1924,0
World,OWID_WRL,1925,0
World,OWID_WRL,1926,0
World,OWID_WRL,1927,0
World,OWID_WRL,1928,3333333.2
World,OWID_WRL,1929,3333333.2
World,OWID_WRL,1930,3333333.2
World,OWID_WRL,1931,2000000
World,OWID_WRL,1932,2000000
World,OWID_WRL,1933,2000000
World,OWID_WRL,1934,1666666.6
World,OWID_WRL,1935,1666666.6
World,OWID_WRL,1936,1666666.6
World,OWID_WRL,1937,555555.56
World,OWID_WRL,1938,555555.56
World,OWID_WRL,1939,685555.56
World,OWID_WRL,1940,1025555.56
World,OWID_WRL,1941,3637698.5
World,OWID_WRL,1942,4237698.5
World,OWID_WRL,1943,7187698.5
World,OWID_WRL,1944,4687698.5
World,OWID_WRL,1945,2596031.8
World,OWID_WRL,1946,790476.2
World,OWID_WRL,1947,790476.2
World,OWID_WRL,1948,0
World,OWID_WRL,1949,0
World,OWID_WRL,1950,0
World,OWID_WRL,1951,0
World,OWID_WRL,1952,0
World,OWID_WRL,1953,0
World,OWID_WRL,1954,0
World,OWID_WRL,1955,0
World,OWID_WRL,1956,0
World,OWID_WRL,1957,0
World,OWID_WRL,1958,1021000
World,OWID_WRL,1959,4819000
World,OWID_WRL,1960,17002000
World,OWID_WRL,1961,8476000
World,OWID_WRL,1962,3350000
World,OWID_WRL,1963,0
World,OWID_WRL,1964,0
World,OWID_WRL,1965,0
World,OWID_WRL,1966,0
World,OWID_WRL,1967,0
World,OWID_WRL,1968,433333.34
World,OWID_WRL,1969,450166.66
World,OWID_WRL,1970,450166.66
World,OWID_WRL,1971,16833.334
World,OWID_WRL,1972,16833.334
World,OWID_WRL,1973,216833.33
World,OWID_WRL,1974,1516833.4
World,OWID_WRL,1975,492600
World,OWID_WRL,1976,262600
World,OWID_WRL,1977,262600
World,OWID_WRL,1978,262600
World,OWID_WRL,1979,262600
World,OWID_WRL,1980,0
World,OWID_WRL,1981,60000
World,OWID_WRL,1982,60000
World,OWID_WRL,1983,326666.66
World,OWID_WRL,1984,446666.66
World,OWID_WRL,1985,446666.66
World,OWID_WRL,1986,0
World,OWID_WRL,1987,0
World,OWID_WRL,1988,22727.273
World,OWID_WRL,1989,22727.273
World,OWID_WRL,1990,22727.273
World,OWID_WRL,1991,102727.27
World,OWID_WRL,1992,177727.27
World,OWID_WRL,1993,177727.27
World,OWID_WRL,1994,97727.27
World,OWID_WRL,1995,132727.27
World,OWID_WRL,1996,132727.27
World,OWID_WRL,1997,132727.27
World,OWID_WRL,1998,51727.273
World,OWID_WRL,1999,29000
World,OWID_WRL,2000,29000
World,OWID_WRL,2001,29000
World,OWID_WRL,2002,29000
World,OWID_WRL,2003,120666.664
World,OWID_WRL,2004,120666.664
World,OWID_WRL,2005,120666.664
World,OWID_WRL,2006,54000
World,OWID_WRL,2007,29000
World,OWID_WRL,2008,0
World,OWID_WRL,2009,0
World,OWID_WRL,2010,0
World,OWID_WRL,2011,129000
World,OWID_WRL,2012,151333.33
World,OWID_WRL,2013,22333.334
World,OWID_WRL,2014,60933.332
World,OWID_WRL,2015,60933.332
World,OWID_WRL,2016,183100
World,OWID_WRL,2017,183100
World,OWID_WRL,2018,183100
World,OWID_WRL,2019,144500
World,OWID_WRL,2020,197750
World,OWID_WRL,2021,309750
World,OWID_WRL,2022,272583.34
World,OWID_WRL,2023,272583.34